{"Body":{"stkCallback":{"MerchantRequestID":"7999-21324510-1","CheckoutRequestID":"ws_CO_080520211429429419","ResultCode":1032,"ResultDesc":"Request cancelled by user"}}}{"Body":{"stkCallback":{"MerchantRequestID":"1008-20277459-1","CheckoutRequestID":"ws_CO_080520212016595154","ResultCode":1032,"ResultDesc":"Request cancelled by user"}}}{"Body":{"stkCallback":{"MerchantRequestID":"16311-20309384-1","CheckoutRequestID":"ws_CO_080520212029015232","ResultCode":1037,"ResultDesc":"DS timeout."}}}{"Body":{"stkCallback":{"MerchantRequestID":"92293-20291799-1","CheckoutRequestID":"ws_CO_080520212034463400","ResultCode":1037,"ResultDesc":"DS timeout."}}}{"Body":{"stkCallback":{"MerchantRequestID":"8631-21735202-1","CheckoutRequestID":"ws_CO_080520212036024467","ResultCode":1037,"ResultDesc":"DS timeout."}}}{"Body":{"stkCallback":{"MerchantRequestID":"8019-22055245-1","CheckoutRequestID":"ws_CO_080520212040155553","ResultCode":1037,"ResultDesc":"DS timeout."}}}{"Body":{"stkCallback":{"MerchantRequestID":"92297-20306211-1","CheckoutRequestID":"ws_CO_080520212041425885","ResultCode":1032,"ResultDesc":"Request cancelled by user"}}}{"Body":{"stkCallback":{"MerchantRequestID":"22230-17933333-1","CheckoutRequestID":"ws_CO_080520212043219833","ResultCode":1032,"ResultDesc":"Request cancelled by user"}}}{"Body":{"stkCallback":{"MerchantRequestID":"8628-21748805-1","CheckoutRequestID":"ws_CO_080520212042431502","ResultCode":1037,"ResultDesc":"DS timeout."}}}{"Body":{"stkCallback":{"MerchantRequestID":"46418-22430156-1","CheckoutRequestID":"ws_CO_080520212044175207","ResultCode":1032,"ResultDesc":"Request cancelled by user"}}}{"Body":{"stkCallback":{"MerchantRequestID":"16303-20339580-1","CheckoutRequestID":"ws_CO_080520212043481096","ResultCode":1037,"ResultDesc":"DS timeout."}}}{"Body":{"stkCallback":{"MerchantRequestID":"46422-22452917-1","CheckoutRequestID":"ws_CO_080520212055470387","ResultCode":0,"ResultDesc":"The service request is processed successfully.","CallbackMetadata":{"Item":[{"Name":"Amount","Value":1.00},{"Name":"MpesaReceiptNumber","Value":"PE86QBRHNW"},{"Name":"Balance"},{"Name":"TransactionDate","Value":20210508205605},{"Name":"PhoneNumber","Value":254725670606}]}}}}{"Body":{"stkCallback":{"MerchantRequestID":"1012-21258719-1","CheckoutRequestID":"ws_CO_090520211008596486","ResultCode":0,"ResultDesc":"The service request is processed successfully.","CallbackMetadata":{"Item":[{"Name":"Amount","Value":1.00},{"Name":"MpesaReceiptNumber","Value":"PE95QNSPP3"},{"Name":"Balance"},{"Name":"TransactionDate","Value":20210509100916},{"Name":"PhoneNumber","Value":254725670606}]}}}}{"Body":{"stkCallback":{"MerchantRequestID":"14351-23149794-1","CheckoutRequestID":"ws_CO_100520211606552344","ResultCode":1032,"ResultDesc":"Request cancelled by user"}}}