{"Body":{"stkCallback":{"MerchantRequestID":"10843-13580057-1","CheckoutRequestID":"ws_CO_13022023224915499725670606","ResultCode":0,"ResultDesc":"The service request is processed successfully.","CallbackMetadata":{"Item":[{"Name":"Amount","Value":1.00},{"Name":"MpesaReceiptNumber","Value":"RBD9LQHSL1"},{"Name":"Balance"},{"Name":"TransactionDate","Value":20230213224926},{"Name":"PhoneNumber","Value":254725670606}]}}}}{"Body":{"stkCallback":{"MerchantRequestID":"15175-21288361-1","CheckoutRequestID":"ws_CO_20022023100411941724991667","ResultCode":0,"ResultDesc":"The service request is processed successfully.","CallbackMetadata":{"Item":[{"Name":"Amount","Value":1.00},{"Name":"MpesaReceiptNumber","Value":"RBK12TA73Z"},{"Name":"Balance"},{"Name":"TransactionDate","Value":20230220100435},{"Name":"PhoneNumber","Value":254724991667}]}}}}