{"Body":{"stkCallback":{"MerchantRequestID":"697-336002-1","CheckoutRequestID":"ws_CO_180520200913120941","ResultCode":0,"ResultDesc":"The service request is processed successfully.","CallbackMetadata":{"Item":[{"Name":"Amount","Value":1.00},{"Name":"MpesaReceiptNumber","Value":"OEI99ZJKW9"},{"Name":"Balance"},{"Name":"TransactionDate","Value":20200518091324},{"Name":"PhoneNumber","Value":254725670606}]}}}}{"Body":{"stkCallback":{"MerchantRequestID":"31381-6701978-1","CheckoutRequestID":"ws_CO_180520200920009014","ResultCode":0,"ResultDesc":"The service request is processed successfully.","CallbackMetadata":{"Item":[{"Name":"Amount","Value":1.00},{"Name":"MpesaReceiptNumber","Value":"OEI19ZQGBJ"},{"Name":"Balance"},{"Name":"TransactionDate","Value":20200518092010},{"Name":"PhoneNumber","Value":254725670606}]}}}}{"Body":{"stkCallback":{"MerchantRequestID":"31379-6712660-1","CheckoutRequestID":"ws_CO_180520200926173904","ResultCode":0,"ResultDesc":"The service request is processed successfully.","CallbackMetadata":{"Item":[{"Name":"Amount","Value":1.00},{"Name":"MpesaReceiptNumber","Value":"OEI09ZWUR2"},{"Name":"Balance"},{"Name":"TransactionDate","Value":20200518092625},{"Name":"PhoneNumber","Value":254725670606}]}}}}{"Body":{"stkCallback":{"MerchantRequestID":"31381-6741993-1","CheckoutRequestID":"ws_CO_180520200944276486","ResultCode":1032,"ResultDesc":"Request cancelled by user"}}}{"Body":{"stkCallback":{"MerchantRequestID":"31372-6746836-1","CheckoutRequestID":"ws_CO_180520200947409125","ResultCode":0,"ResultDesc":"The service request is processed successfully.","CallbackMetadata":{"Item":[{"Name":"Amount","Value":1.00},{"Name":"MpesaReceiptNumber","Value":"OEI7A0J0DF"},{"Name":"Balance"},{"Name":"TransactionDate","Value":20200518094753},{"Name":"PhoneNumber","Value":254725670606}]}}}}{"Body":{"stkCallback":{"MerchantRequestID":"31372-6752524-1","CheckoutRequestID":"ws_CO_180520200951076972","ResultCode":0,"ResultDesc":"The service request is processed successfully.","CallbackMetadata":{"Item":[{"Name":"Amount","Value":1.00},{"Name":"MpesaReceiptNumber","Value":"OEI0A0MR4C"},{"Name":"Balance"},{"Name":"TransactionDate","Value":20200518095121},{"Name":"PhoneNumber","Value":254725670606}]}}}}